DateTime,PostType,Hashtags,Likes,Comments,Shares,Hour,Day,Views
2025-01-01 00:00:00,Carousel,5,112,37,27,0,Wednesday,1373
2025-01-01 01:00:00,Video,0,203,7,10,1,Wednesday,1515
2025-01-01 02:00:00,Text,8,175,24,0,2,Wednesday,1646
2025-01-01 03:00:00,Carousel,0,368,72,42,3,Wednesday,3252
2025-01-01 04:00:00,Carousel,4,99,65,18,4,Wednesday,1669
2025-01-01 05:00:00,Video,3,183,78,8,5,Wednesday,1906
2025-01-01 06:00:00,Text,2,131,49,26,6,Wednesday,1790
2025-01-01 07:00:00,Text,5,152,66,33,7,Wednesday,2099
2025-01-01 08:00:00,Carousel,1,491,48,43,8,Wednesday,3405
2025-01-01 09:00:00,Image,2,115,35,3,9,Wednesday,1095
2025-01-01 10:00:00,Carousel,4,384,67,35,10,Wednesday,3254
2025-01-01 11:00:00,Carousel,8,437,77,17,11,Wednesday,3555
2025-01-01 12:00:00,Carousel,1,314,40,14,12,Wednesday,2431
2025-01-01 13:00:00,Carousel,9,369,61,12,13,Wednesday,3037
2025-01-01 14:00:00,Video,7,468,9,18,14,Wednesday,2838
2025-01-01 15:00:00,Text,1,326,20,48,15,Wednesday,2703
2025-01-01 16:00:00,Video,4,460,35,5,16,Wednesday,3114
2025-01-01 17:00:00,Video,6,132,11,47,17,Wednesday,1540
2025-01-01 18:00:00,Video,7,399,1,11,18,Wednesday,2661
2025-01-01 19:00:00,Carousel,0,18,12,36,19,Wednesday,838
2025-01-01 20:00:00,Image,5,271,52,16,20,Wednesday,2371
2025-01-01 21:00:00,Text,0,82,31,22,21,Wednesday,1039
2025-01-01 22:00:00,Image,1,368,15,25,22,Wednesday,2346
2025-01-01 23:00:00,Video,0,232,31,28,23,Wednesday,1958
2025-01-02 00:00:00,Video,4,425,31,32,0,Thursday,2897
2025-01-02 01:00:00,Image,9,50,10,26,1,Thursday,1120
2025-01-02 02:00:00,Image,8,379,9,24,2,Thursday,2719
2025-01-02 03:00:00,Image,5,213,14,9,3,Thursday,1853
2025-01-02 04:00:00,Video,0,273,16,46,4,Thursday,2259
2025-01-02 05:00:00,Video,0,337,39,22,5,Thursday,2345
2025-01-02 06:00:00,Text,1,187,17,20,6,Thursday,1507
2025-01-02 07:00:00,Text,8,357,54,20,7,Thursday,2958
2025-01-02 08:00:00,Video,2,327,72,42,8,Thursday,3150
2025-01-02 09:00:00,Image,0,93,24,12,9,Thursday,1020
2025-01-02 10:00:00,Image,4,327,58,36,10,Thursday,2663
2025-01-02 11:00:00,Text,6,120,77,32,11,Thursday,2065
2025-01-02 12:00:00,Video,5,260,21,23,12,Thursday,2053
2025-01-02 13:00:00,Text,0,392,29,43,13,Thursday,2794
2025-01-02 14:00:00,Text,4,16,43,10,14,Thursday,823
2025-01-02 15:00:00,Carousel,4,468,31,16,15,Thursday,3239
2025-01-02 16:00:00,Carousel,5,93,50,3,16,Thursday,1415
2025-01-02 17:00:00,Carousel,2,217,45,46,17,Thursday,2137
2025-01-02 18:00:00,Image,4,397,20,24,18,Thursday,2650
2025-01-02 19:00:00,Video,6,399,31,29,19,Thursday,3088
2025-01-02 20:00:00,Video,4,323,38,8,20,Thursday,2542
2025-01-02 21:00:00,Video,4,31,11,20,21,Thursday,740
2025-01-02 22:00:00,Video,4,419,46,19,22,Thursday,3065
2025-01-02 23:00:00,Carousel,9,392,17,18,23,Thursday,2754
2025-01-03 00:00:00,Image,9,12,20,18,0,Friday,885
2025-01-03 01:00:00,Image,2,136,12,11,1,Friday,1364
2025-01-03 02:00:00,Carousel,0,306,20,36,2,Friday,2296
2025-01-03 03:00:00,Image,4,197,7,41,3,Friday,1901
2025-01-03 04:00:00,Carousel,8,371,45,16,4,Friday,3021
2025-01-03 05:00:00,Video,0,23,6,36,5,Friday,761
2025-01-03 06:00:00,Carousel,2,468,22,47,6,Friday,3306
2025-01-03 07:00:00,Video,3,475,74,38,7,Friday,3536
2025-01-03 08:00:00,Video,0,21,21,27,8,Friday,699
2025-01-03 09:00:00,Text,0,96,21,40,9,Friday,1379
2025-01-03 10:00:00,Carousel,7,21,28,34,10,Friday,1054
2025-01-03 11:00:00,Text,1,406,12,46,11,Friday,3089
2025-01-03 12:00:00,Carousel,7,34,1,47,12,Friday,935
2025-01-03 13:00:00,Carousel,6,310,28,17,13,Friday,2357
2025-01-03 14:00:00,Text,9,252,78,13,14,Friday,2517
2025-01-03 15:00:00,Text,9,131,51,34,15,Friday,1818
2025-01-03 16:00:00,Carousel,1,156,26,43,16,Friday,1559
2025-01-03 17:00:00,Image,5,64,49,40,17,Friday,1317
2025-01-03 18:00:00,Video,5,247,78,6,18,Friday,2322
2025-01-03 19:00:00,Text,2,365,22,40,19,Friday,2779
2025-01-03 20:00:00,Video,1,182,43,12,20,Friday,1678
2025-01-03 21:00:00,Image,0,401,76,17,21,Friday,3242
2025-01-03 22:00:00,Image,5,230,21,36,22,Friday,2169
2025-01-03 23:00:00,Image,4,128,42,12,23,Friday,1610
2025-01-04 00:00:00,Text,8,318,36,35,0,Saturday,2707
2025-01-04 01:00:00,Image,0,192,60,30,1,Saturday,1955
2025-01-04 02:00:00,Text,6,297,55,1,2,Saturday,2467
2025-01-04 03:00:00,Image,4,316,2,15,3,Saturday,1974
2025-01-04 04:00:00,Video,4,309,62,8,4,Saturday,2473
2025-01-04 05:00:00,Video,1,91,18,8,5,Saturday,880
2025-01-04 06:00:00,Carousel,2,463,22,37,6,Saturday,3322
2025-01-04 07:00:00,Video,6,411,28,10,7,Saturday,2931
2025-01-04 08:00:00,Carousel,5,220,29,21,8,Saturday,1786
2025-01-04 09:00:00,Video,1,159,38,32,9,Saturday,1873
2025-01-04 10:00:00,Text,5,46,24,35,10,Saturday,991
2025-01-04 11:00:00,Video,1,361,7,44,11,Saturday,2641
2025-01-04 12:00:00,Carousel,1,321,57,22,12,Saturday,2523
2025-01-04 13:00:00,Carousel,1,370,15,44,13,Saturday,2763
2025-01-04 14:00:00,Image,2,68,71,44,14,Saturday,1708
2025-01-04 15:00:00,Text,1,140,0,33,15,Saturday,1472
2025-01-04 16:00:00,Video,3,421,4,8,16,Saturday,2715
2025-01-04 17:00:00,Image,8,211,2,23,17,Saturday,1563
2025-01-04 18:00:00,Video,5,252,64,7,18,Saturday,2223
2025-01-04 19:00:00,Video,0,44,3,6,19,Saturday,609
2025-01-04 20:00:00,Image,7,454,63,35,20,Saturday,3683
2025-01-04 21:00:00,Image,6,102,9,17,21,Saturday,1011
2025-01-04 22:00:00,Image,9,447,20,2,22,Saturday,2753
2025-01-04 23:00:00,Image,2,456,45,27,23,Saturday,3111
2025-01-05 00:00:00,Image,0,216,26,5,0,Sunday,1569
2025-01-05 01:00:00,Video,4,362,65,43,1,Sunday,2999
2025-01-05 02:00:00,Image,3,400,40,43,2,Sunday,3281
2025-01-05 03:00:00,Text,9,341,12,20,3,Sunday,2611
2025-01-05 04:00:00,Carousel,7,314,8,27,4,Sunday,2265
2025-01-05 05:00:00,Image,0,359,35,39,5,Sunday,2671
2025-01-05 06:00:00,Image,9,222,57,0,6,Sunday,1941
2025-01-05 07:00:00,Video,0,168,53,35,7,Sunday,2060
2025-01-05 08:00:00,Image,3,451,11,20,8,Sunday,2937
2025-01-05 09:00:00,Image,7,454,77,42,9,Sunday,3931
2025-01-05 10:00:00,Image,4,33,13,34,10,Sunday,850
2025-01-05 11:00:00,Video,1,413,33,12,11,Sunday,2824
2025-01-05 12:00:00,Image,5,302,52,48,12,Sunday,2654
2025-01-05 13:00:00,Carousel,4,13,19,9,13,Sunday,879
2025-01-05 14:00:00,Video,1,229,74,43,14,Sunday,2634
2025-01-05 15:00:00,Carousel,2,373,15,46,15,Sunday,2743
2025-01-05 16:00:00,Video,8,391,69,9,16,Sunday,2980
2025-01-05 17:00:00,Image,6,29,55,45,17,Sunday,1571
2025-01-05 18:00:00,Carousel,6,453,57,12,18,Sunday,3267
2025-01-05 19:00:00,Video,5,161,3,36,19,Sunday,1436
2025-01-05 20:00:00,Text,7,59,3,37,20,Sunday,1064
2025-01-05 21:00:00,Image,3,186,19,23,21,Sunday,1672
2025-01-05 22:00:00,Video,7,444,9,1,22,Sunday,2791
2025-01-05 23:00:00,Text,3,105,23,21,23,Sunday,1392
2025-01-06 00:00:00,Video,7,114,25,16,0,Monday,1526
2025-01-06 01:00:00,Text,8,429,36,35,1,Monday,3410
2025-01-06 02:00:00,Image,2,259,53,13,2,Monday,2306
2025-01-06 03:00:00,Carousel,2,126,20,9,3,Monday,1314
2025-01-06 04:00:00,Text,1,363,73,34,4,Monday,3172
2025-01-06 05:00:00,Video,9,237,37,24,5,Monday,2209
2025-01-06 06:00:00,Image,2,75,45,2,6,Monday,1249
2025-01-06 07:00:00,Text,2,344,3,46,7,Monday,2554
2025-01-06 08:00:00,Video,4,427,59,37,8,Monday,3348
2025-01-06 09:00:00,Video,4,429,56,16,9,Monday,2976
2025-01-06 10:00:00,Video,1,271,44,11,10,Monday,1965
2025-01-06 11:00:00,Text,9,304,19,23,11,Monday,2240
2025-01-06 12:00:00,Text,5,435,16,28,12,Monday,2853
2025-01-06 13:00:00,Text,4,252,70,42,13,Monday,2511
2025-01-06 14:00:00,Carousel,5,380,3,24,14,Monday,2628
2025-01-06 15:00:00,Text,0,195,13,35,15,Monday,1911
2025-01-06 16:00:00,Text,4,255,2,25,16,Monday,1940
2025-01-06 17:00:00,Text,8,134,79,37,17,Monday,2321
2025-01-06 18:00:00,Carousel,9,277,57,0,18,Monday,2520
2025-01-06 19:00:00,Text,1,140,54,19,19,Monday,1656
2025-01-06 20:00:00,Video,0,246,3,27,20,Monday,2010
2025-01-06 21:00:00,Text,9,27,23,15,21,Monday,1025
2025-01-06 22:00:00,Video,8,49,33,46,22,Monday,1292
2025-01-06 23:00:00,Video,9,30,29,16,23,Monday,1167
2025-01-07 00:00:00,Video,8,408,18,39,0,Tuesday,3125
2025-01-07 01:00:00,Carousel,8,234,30,27,1,Tuesday,2184
2025-01-07 02:00:00,Carousel,5,364,59,11,2,Tuesday,2663
2025-01-07 03:00:00,Carousel,7,291,59,26,3,Tuesday,2758
2025-01-07 04:00:00,Text,0,17,18,41,4,Tuesday,908
2025-01-07 05:00:00,Video,9,109,48,46,5,Tuesday,1937
2025-01-07 06:00:00,Carousel,3,249,62,29,6,Tuesday,2457
2025-01-07 07:00:00,Carousel,0,487,21,40,7,Tuesday,3156
2025-01-07 08:00:00,Text,7,96,23,33,8,Tuesday,1249
2025-01-07 09:00:00,Carousel,0,307,75,36,9,Tuesday,2602
2025-01-07 10:00:00,Text,2,437,29,5,10,Tuesday,2710
2025-01-07 11:00:00,Image,3,23,57,6,11,Tuesday,849
2025-01-07 12:00:00,Carousel,7,343,30,31,12,Tuesday,2817
2025-01-07 13:00:00,Image,5,11,63,31,13,Tuesday,1108
2025-01-07 14:00:00,Text,9,384,18,24,14,Tuesday,2820
2025-01-07 15:00:00,Video,6,302,47,32,15,Tuesday,2811
2025-01-07 16:00:00,Carousel,7,334,44,6,16,Tuesday,2415
2025-01-07 17:00:00,Text,1,431,54,11,17,Tuesday,3038
2025-01-07 18:00:00,Video,9,50,54,15,18,Tuesday,1315
2025-01-07 19:00:00,Video,7,327,17,15,19,Tuesday,2298
2025-01-07 20:00:00,Image,2,325,62,42,20,Tuesday,2980
2025-01-07 21:00:00,Text,6,390,46,35,21,Tuesday,3282
2025-01-07 22:00:00,Video,2,120,74,12,22,Tuesday,1658
2025-01-07 23:00:00,Carousel,6,23,56,6,23,Tuesday,1178
2025-01-08 00:00:00,Carousel,1,240,44,35,0,Wednesday,2102
2025-01-08 01:00:00,Image,9,482,32,46,1,Wednesday,3623
2025-01-08 02:00:00,Video,5,93,16,8,2,Wednesday,874
2025-01-08 03:00:00,Text,2,139,69,31,3,Wednesday,1874
2025-01-08 04:00:00,Carousel,2,240,3,10,4,Wednesday,1859
2025-01-08 05:00:00,Video,8,335,19,7,5,Wednesday,2527
2025-01-08 06:00:00,Video,6,154,46,32,6,Wednesday,2023
2025-01-08 07:00:00,Image,4,388,14,22,7,Wednesday,2730
2025-01-08 08:00:00,Carousel,9,354,69,24,8,Wednesday,2987
2025-01-08 09:00:00,Carousel,6,37,46,7,9,Wednesday,1160
2025-01-08 10:00:00,Text,8,75,77,44,10,Wednesday,1914
2025-01-08 11:00:00,Carousel,0,172,74,21,11,Wednesday,2130
2025-01-08 12:00:00,Text,6,238,8,3,12,Wednesday,1887
2025-01-08 13:00:00,Carousel,5,270,15,39,13,Wednesday,2121
2025-01-08 14:00:00,Image,9,458,68,2,14,Wednesday,3427
2025-01-08 15:00:00,Carousel,8,433,60,28,15,Wednesday,3423
2025-01-08 16:00:00,Text,0,469,9,40,16,Wednesday,3111
2025-01-08 17:00:00,Text,3,449,49,28,17,Wednesday,3242
2025-01-08 18:00:00,Image,8,173,2,33,18,Wednesday,1692
2025-01-08 19:00:00,Carousel,3,310,76,33,19,Wednesday,2708
2025-01-08 20:00:00,Carousel,9,416,69,27,20,Wednesday,3310
2025-01-08 21:00:00,Image,2,312,50,12,21,Wednesday,2392
2025-01-08 22:00:00,Carousel,8,296,18,14,22,Wednesday,2179
2025-01-08 23:00:00,Carousel,1,404,41,22,23,Wednesday,3065
2025-01-09 00:00:00,Text,3,19,34,43,0,Thursday,1066
2025-01-09 01:00:00,Carousel,5,204,45,25,1,Thursday,2098
2025-01-09 02:00:00,Carousel,1,127,25,3,2,Thursday,1340
2025-01-09 03:00:00,Image,7,279,68,25,3,Thursday,2819
2025-01-09 04:00:00,Image,7,89,63,39,4,Thursday,1856
2025-01-09 05:00:00,Video,0,467,36,8,5,Thursday,2876
2025-01-09 06:00:00,Text,2,102,48,4,6,Thursday,1280
2025-01-09 07:00:00,Carousel,9,275,20,31,7,Thursday,2512
2025-01-09 08:00:00,Carousel,8,341,73,19,8,Thursday,3017
2025-01-09 09:00:00,Video,4,359,63,49,9,Thursday,3343
2025-01-09 10:00:00,Carousel,5,370,4,10,10,Thursday,2507
2025-01-09 11:00:00,Text,3,266,69,14,11,Thursday,2521
2025-01-09 12:00:00,Video,9,142,3,31,12,Thursday,1680
2025-01-09 13:00:00,Text,1,285,38,27,13,Thursday,2458
2025-01-09 14:00:00,Video,7,273,34,21,14,Thursday,2290
2025-01-09 15:00:00,Video,5,180,0,40,15,Thursday,1660
2025-01-09 16:00:00,Image,4,469,23,16,16,Thursday,2896
2025-01-09 17:00:00,Text,8,10,56,25,17,Thursday,1399
2025-01-09 18:00:00,Carousel,0,322,69,43,18,Thursday,2948
2025-01-09 19:00:00,Carousel,4,73,40,6,19,Thursday,1089
2025-01-09 20:00:00,Text,5,383,53,41,20,Thursday,3011
2025-01-09 21:00:00,Carousel,4,477,45,25,21,Thursday,3196
2025-01-09 22:00:00,Carousel,5,293,59,24,22,Thursday,2446
2025-01-09 23:00:00,Text,5,130,59,9,23,Thursday,1792
2025-01-10 00:00:00,Video,6,116,56,44,0,Friday,1783
2025-01-10 01:00:00,Text,3,430,30,18,1,Friday,2892
2025-01-10 02:00:00,Video,7,184,23,10,2,Friday,1522
2025-01-10 03:00:00,Carousel,6,494,35,12,3,Friday,3094
2025-01-10 04:00:00,Carousel,8,213,29,7,4,Friday,1942
2025-01-10 05:00:00,Carousel,6,174,23,39,5,Friday,1783
2025-01-10 06:00:00,Image,2,314,29,3,6,Friday,2273
2025-01-10 07:00:00,Video,2,129,6,46,7,Friday,1470
2025-01-10 08:00:00,Image,7,53,34,30,8,Friday,1252
2025-01-10 09:00:00,Image,4,321,54,27,9,Friday,2876
2025-01-10 10:00:00,Text,3,165,13,10,10,Friday,1405
2025-01-10 11:00:00,Image,7,376,9,42,11,Friday,2667
2025-01-10 12:00:00,Text,5,216,79,0,12,Friday,2277
2025-01-10 13:00:00,Text,1,399,15,48,13,Friday,2901
2025-01-10 14:00:00,Image,3,117,53,46,14,Friday,1860
2025-01-10 15:00:00,Video,3,260,76,37,15,Friday,2692
2025-01-10 16:00:00,Video,5,454,69,23,16,Friday,3355
2025-01-10 17:00:00,Video,5,413,43,46,17,Friday,3145
2025-01-10 18:00:00,Video,0,379,72,30,18,Friday,3100
2025-01-10 19:00:00,Video,7,343,44,40,19,Friday,2964
2025-01-10 20:00:00,Image,5,139,55,45,20,Friday,2048
2025-01-10 21:00:00,Image,2,466,56,49,21,Friday,3738
2025-01-10 22:00:00,Carousel,8,302,20,25,22,Friday,2361
2025-01-10 23:00:00,Video,1,29,67,48,23,Friday,1661
2025-01-11 00:00:00,Image,7,291,49,49,0,Saturday,2832
2025-01-11 01:00:00,Carousel,9,294,32,4,1,Saturday,2083
2025-01-11 02:00:00,Video,2,10,6,19,2,Saturday,603
2025-01-11 03:00:00,Text,4,128,69,40,3,Saturday,1798
2025-01-11 04:00:00,Carousel,5,44,14,10,4,Saturday,907
2025-01-11 05:00:00,Image,9,207,31,32,5,Saturday,2022
2025-01-11 06:00:00,Text,5,494,74,49,6,Saturday,4050
2025-01-11 07:00:00,Text,3,254,19,37,7,Saturday,2238
2025-01-11 08:00:00,Text,2,68,14,26,8,Saturday,942
2025-01-11 09:00:00,Carousel,3,334,47,33,9,Saturday,2596
2025-01-11 10:00:00,Image,0,170,70,14,10,Saturday,2014
2025-01-11 11:00:00,Text,3,188,20,31,11,Saturday,1916
2025-01-11 12:00:00,Video,0,215,41,20,12,Saturday,1865
2025-01-11 13:00:00,Text,0,21,25,45,13,Saturday,1205
2025-01-11 14:00:00,Text,9,499,13,4,14,Saturday,3061
2025-01-11 15:00:00,Carousel,5,285,56,5,15,Saturday,2522
2025-01-11 16:00:00,Carousel,4,190,36,37,16,Saturday,2040
2025-01-11 17:00:00,Image,3,251,57,21,17,Saturday,2349
2025-01-11 18:00:00,Video,2,225,20,17,18,Saturday,1963
2025-01-11 19:00:00,Carousel,0,260,68,13,19,Saturday,2364
2025-01-11 20:00:00,Text,5,308,2,9,20,Saturday,2032
2025-01-11 21:00:00,Image,1,135,36,45,21,Saturday,1836
2025-01-11 22:00:00,Text,7,491,48,12,22,Saturday,3489
2025-01-11 23:00:00,Text,9,226,18,30,23,Saturday,1939
2025-01-12 00:00:00,Carousel,4,315,11,29,0,Sunday,2298
2025-01-12 01:00:00,Image,6,294,60,2,1,Sunday,2303
2025-01-12 02:00:00,Video,9,194,40,29,2,Sunday,2215
2025-01-12 03:00:00,Video,1,48,32,5,3,Sunday,848
2025-01-12 04:00:00,Carousel,7,232,49,28,4,Sunday,2278
2025-01-12 05:00:00,Carousel,1,193,67,7,5,Sunday,1946
2025-01-12 06:00:00,Image,3,436,70,43,6,Sunday,3564
2025-01-12 07:00:00,Video,0,187,32,44,7,Sunday,2085
2025-01-12 08:00:00,Video,4,416,23,42,8,Sunday,2866
2025-01-12 09:00:00,Video,8,437,60,43,9,Sunday,3562
2025-01-12 10:00:00,Text,0,303,60,32,10,Sunday,2611
2025-01-12 11:00:00,Video,8,349,27,16,11,Sunday,2721
2025-01-12 12:00:00,Text,7,160,57,47,12,Sunday,2090
2025-01-12 13:00:00,Image,5,393,42,10,13,Sunday,2738
2025-01-12 14:00:00,Text,6,135,40,12,14,Sunday,1673
2025-01-12 15:00:00,Image,2,310,38,49,15,Sunday,2508
2025-01-12 16:00:00,Video,0,317,48,10,16,Sunday,2236
2025-01-12 17:00:00,Video,4,345,16,30,17,Sunday,2393
2025-01-12 18:00:00,Image,1,443,69,27,18,Sunday,3185
2025-01-12 19:00:00,Carousel,4,243,69,43,19,Sunday,2759
2025-01-12 20:00:00,Image,7,389,64,5,20,Sunday,2765
2025-01-12 21:00:00,Carousel,8,384,73,40,21,Sunday,3334
2025-01-12 22:00:00,Text,1,17,4,15,22,Sunday,460
2025-01-12 23:00:00,Text,2,350,1,3,23,Sunday,1988
2025-01-13 00:00:00,Text,2,138,21,34,0,Monday,1490
2025-01-13 01:00:00,Video,0,273,56,47,1,Monday,2658
2025-01-13 02:00:00,Text,7,166,65,25,2,Monday,1887
2025-01-13 03:00:00,Carousel,5,361,73,11,3,Monday,2909
2025-01-13 04:00:00,Text,7,367,15,10,4,Monday,2637
2025-01-13 05:00:00,Image,8,14,50,36,5,Monday,1228
2025-01-13 06:00:00,Image,4,95,38,24,6,Monday,1308
2025-01-13 07:00:00,Video,2,184,75,17,7,Monday,2012
2025-01-13 08:00:00,Image,4,299,39,18,8,Monday,2194
2025-01-13 09:00:00,Carousel,4,202,37,22,9,Monday,1902
2025-01-13 10:00:00,Text,4,320,59,37,10,Monday,2812
2025-01-13 11:00:00,Video,2,128,58,17,11,Monday,1728
2025-01-13 12:00:00,Text,9,227,9,25,12,Monday,2125
2025-01-13 13:00:00,Text,3,436,63,5,13,Monday,2944
2025-01-13 14:00:00,Carousel,8,467,62,3,14,Monday,3269
2025-01-13 15:00:00,Image,9,423,48,43,15,Monday,3476
2025-01-13 16:00:00,Image,8,123,63,28,16,Monday,1708
2025-01-13 17:00:00,Text,1,475,31,33,17,Monday,3460
2025-01-13 18:00:00,Video,7,154,6,16,18,Monday,1463
2025-01-13 19:00:00,Image,7,35,20,42,19,Monday,1107
2025-01-13 20:00:00,Video,6,145,19,42,20,Monday,1686
2025-01-13 21:00:00,Image,7,312,25,15,21,Monday,2315
2025-01-13 22:00:00,Video,2,241,67,1,22,Monday,1904
2025-01-13 23:00:00,Carousel,5,378,14,33,23,Monday,2734
2025-01-14 00:00:00,Video,0,85,78,7,0,Tuesday,1506
2025-01-14 01:00:00,Carousel,6,484,13,12,1,Tuesday,3258
2025-01-14 02:00:00,Carousel,0,337,26,41,2,Tuesday,2591
2025-01-14 03:00:00,Video,8,354,39,7,3,Tuesday,2566
2025-01-14 04:00:00,Carousel,0,311,57,29,4,Tuesday,2455
2025-01-14 05:00:00,Text,0,461,27,31,5,Tuesday,3112
2025-01-14 06:00:00,Carousel,6,298,25,35,6,Tuesday,2469
2025-01-14 07:00:00,Image,1,10,62,46,7,Tuesday,1501
2025-01-14 08:00:00,Video,4,156,65,29,8,Tuesday,1844
2025-01-14 09:00:00,Text,7,296,24,0,9,Tuesday,2188
2025-01-14 10:00:00,Video,7,473,2,42,10,Tuesday,3173
2025-01-14 11:00:00,Image,2,151,71,38,11,Tuesday,2185
2025-01-14 12:00:00,Image,6,62,43,16,12,Tuesday,1092
2025-01-14 13:00:00,Image,2,313,41,19,13,Tuesday,2567
2025-01-14 14:00:00,Carousel,5,78,5,23,14,Tuesday,1041
2025-01-14 15:00:00,Carousel,5,370,38,49,15,Tuesday,3182
2025-01-14 16:00:00,Video,2,99,51,21,16,Tuesday,1573
2025-01-14 17:00:00,Video,6,455,22,28,17,Tuesday,3014
2025-01-14 18:00:00,Text,2,229,49,21,18,Tuesday,2213
2025-01-14 19:00:00,Text,7,459,42,43,19,Tuesday,3560
2025-01-14 20:00:00,Video,9,201,18,8,20,Tuesday,1701
2025-01-14 21:00:00,Carousel,3,463,68,36,21,Tuesday,3521
2025-01-14 22:00:00,Image,0,72,50,9,22,Tuesday,1053
2025-01-14 23:00:00,Video,3,82,10,35,23,Tuesday,1213
2025-01-15 00:00:00,Text,6,170,11,36,0,Wednesday,1759
2025-01-15 01:00:00,Carousel,3,178,73,27,1,Wednesday,2112
2025-01-15 02:00:00,Video,5,98,7,27,2,Wednesday,1108
2025-01-15 03:00:00,Video,8,185,23,41,3,Wednesday,1920
2025-01-15 04:00:00,Carousel,0,278,40,42,4,Wednesday,2341
2025-01-15 05:00:00,Video,4,82,35,20,5,Wednesday,1444
2025-01-15 06:00:00,Carousel,6,254,71,23,6,Wednesday,2346
2025-01-15 07:00:00,Image,0,86,54,41,7,Wednesday,1414
2025-01-15 08:00:00,Carousel,3,168,8,39,8,Wednesday,1660
2025-01-15 09:00:00,Carousel,5,498,46,1,9,Wednesday,3335
2025-01-15 10:00:00,Carousel,1,468,14,7,10,Wednesday,2937
2025-01-15 11:00:00,Video,9,333,47,47,11,Wednesday,2908
2025-01-15 12:00:00,Video,4,107,41,26,12,Wednesday,1322
2025-01-15 13:00:00,Carousel,9,390,59,21,13,Wednesday,3133
2025-01-15 14:00:00,Video,0,111,69,36,14,Wednesday,1732
2025-01-15 15:00:00,Text,5,141,11,26,15,Wednesday,1383
2025-01-15 16:00:00,Text,5,111,1,28,16,Wednesday,1198
2025-01-15 17:00:00,Video,3,28,6,2,17,Wednesday,551
2025-01-15 18:00:00,Video,7,463,79,43,18,Wednesday,3706
2025-01-15 19:00:00,Carousel,3,491,2,12,19,Wednesday,2844
2025-01-15 20:00:00,Image,7,91,2,44,20,Wednesday,1163
2025-01-15 21:00:00,Video,7,406,26,9,21,Wednesday,2889
2025-01-15 22:00:00,Text,4,498,39,35,22,Wednesday,3624
2025-01-15 23:00:00,Carousel,3,288,32,8,23,Wednesday,2165
2025-01-16 00:00:00,Video,1,348,0,26,0,Thursday,2441
2025-01-16 01:00:00,Text,2,374,7,33,1,Thursday,2687
2025-01-16 02:00:00,Text,2,340,31,0,2,Thursday,2113
2025-01-16 03:00:00,Image,3,138,47,31,3,Thursday,1610
2025-01-16 04:00:00,Carousel,3,353,3,24,4,Thursday,2552
2025-01-16 05:00:00,Carousel,9,319,69,28,5,Thursday,3005
2025-01-16 06:00:00,Image,4,464,18,6,6,Thursday,2853
2025-01-16 07:00:00,Image,3,98,31,48,7,Thursday,1525
2025-01-16 08:00:00,Carousel,9,222,8,2,8,Thursday,1481
2025-01-16 09:00:00,Carousel,7,152,11,19,9,Thursday,1306
2025-01-16 10:00:00,Video,5,74,10,19,10,Thursday,1135
2025-01-16 11:00:00,Video,5,85,45,29,11,Thursday,1483
2025-01-16 12:00:00,Image,7,208,15,34,12,Thursday,1867
2025-01-16 13:00:00,Video,6,152,0,34,13,Thursday,1659
2025-01-16 14:00:00,Text,9,414,62,48,14,Thursday,3441
2025-01-16 15:00:00,Video,9,412,20,38,15,Thursday,3023
2025-01-16 16:00:00,Video,7,325,29,26,16,Thursday,2674
2025-01-16 17:00:00,Text,1,102,12,25,17,Thursday,1210
2025-01-16 18:00:00,Image,8,482,33,13,18,Thursday,3070
2025-01-16 19:00:00,Text,0,426,3,16,19,Thursday,2458
2025-01-16 20:00:00,Video,7,314,27,17,20,Thursday,2434
2025-01-16 21:00:00,Image,3,233,58,44,21,Thursday,2383
2025-01-16 22:00:00,Video,3,300,26,28,22,Thursday,2328
2025-01-16 23:00:00,Text,4,437,68,19,23,Thursday,3313
2025-01-17 00:00:00,Text,7,111,24,26,0,Friday,1334
2025-01-17 01:00:00,Video,4,483,2,17,1,Friday,3036
2025-01-17 02:00:00,Carousel,7,276,67,3,2,Friday,2258
2025-01-17 03:00:00,Carousel,9,364,24,0,3,Friday,2470
2025-01-17 04:00:00,Text,0,465,19,49,4,Friday,3278
2025-01-17 05:00:00,Text,9,119,33,0,5,Friday,1431
2025-01-17 06:00:00,Carousel,8,471,25,25,6,Friday,3298
2025-01-17 07:00:00,Carousel,5,339,4,44,7,Friday,2605
2025-01-17 08:00:00,Video,2,459,60,19,8,Friday,3327
2025-01-17 09:00:00,Video,7,439,8,22,9,Friday,2837
2025-01-17 10:00:00,Carousel,8,274,49,9,10,Friday,2424
2025-01-17 11:00:00,Video,5,12,5,10,11,Friday,663
2025-01-17 12:00:00,Video,6,94,59,40,12,Friday,1768
2025-01-17 13:00:00,Image,0,291,43,40,13,Friday,2393
2025-01-17 14:00:00,Video,4,337,10,4,14,Friday,2357
2025-01-17 15:00:00,Text,4,313,65,0,15,Friday,2486
2025-01-17 16:00:00,Video,9,459,46,16,16,Friday,3468
2025-01-17 17:00:00,Video,3,463,72,21,17,Friday,3536
2025-01-17 18:00:00,Carousel,5,421,2,33,18,Friday,3030
2025-01-17 19:00:00,Text,6,126,75,44,19,Friday,2120
2025-01-17 20:00:00,Video,8,230,29,40,20,Friday,2350
2025-01-17 21:00:00,Video,0,163,20,28,21,Friday,1473
2025-01-17 22:00:00,Image,5,162,27,3,22,Friday,1523
2025-01-17 23:00:00,Video,6,21,61,4,23,Friday,1125
2025-01-18 00:00:00,Video,2,142,32,10,0,Saturday,1269
2025-01-18 01:00:00,Image,7,491,34,20,1,Saturday,3464
2025-01-18 02:00:00,Carousel,4,313,51,34,2,Saturday,2842
2025-01-18 03:00:00,Video,8,302,33,11,3,Saturday,2154
2025-01-18 04:00:00,Image,4,472,40,25,4,Saturday,3207
2025-01-18 05:00:00,Text,8,309,50,18,5,Saturday,2455
2025-01-18 06:00:00,Carousel,9,237,46,44,6,Saturday,2636
2025-01-18 07:00:00,Text,3,280,57,6,7,Saturday,2133
2025-01-18 08:00:00,Text,8,52,74,46,8,Saturday,1861
2025-01-18 09:00:00,Image,4,441,56,6,9,Saturday,3143
2025-01-18 10:00:00,Video,9,352,22,25,10,Saturday,2741
2025-01-18 11:00:00,Image,8,335,47,39,11,Saturday,2750
2025-01-18 12:00:00,Image,2,311,21,4,12,Saturday,2260
2025-01-18 13:00:00,Image,3,373,16,20,13,Saturday,2568
2025-01-18 14:00:00,Image,8,388,68,13,14,Saturday,3267
2025-01-18 15:00:00,Carousel,9,436,10,3,15,Saturday,2621
2025-01-18 16:00:00,Video,5,30,14,22,16,Saturday,952
2025-01-18 17:00:00,Text,1,416,34,41,17,Saturday,2965
2025-01-18 18:00:00,Text,6,116,32,19,18,Saturday,1632
2025-01-18 19:00:00,Video,1,345,15,14,19,Saturday,2397
2025-01-18 20:00:00,Text,1,312,33,49,20,Saturday,2559
2025-01-18 21:00:00,Video,0,126,65,44,21,Saturday,1985
2025-01-18 22:00:00,Text,2,133,39,28,22,Saturday,1468
2025-01-18 23:00:00,Image,5,408,27,7,23,Saturday,2821
2025-01-19 00:00:00,Text,7,290,46,40,0,Sunday,2693
2025-01-19 01:00:00,Video,8,301,38,47,1,Sunday,2594
2025-01-19 02:00:00,Video,6,212,69,18,2,Sunday,2371
2025-01-19 03:00:00,Video,3,60,72,47,3,Sunday,1900
2025-01-19 04:00:00,Video,5,280,19,38,4,Sunday,2241
2025-01-19 05:00:00,Video,4,333,0,45,5,Sunday,2486
2025-01-19 06:00:00,Carousel,7,286,71,27,6,Sunday,2899
2025-01-19 07:00:00,Carousel,0,150,62,45,7,Sunday,1888
2025-01-19 08:00:00,Text,0,479,66,26,8,Sunday,3632
2025-01-19 09:00:00,Video,5,284,3,3,9,Sunday,1729
2025-01-19 10:00:00,Text,9,299,57,14,10,Sunday,2430
2025-01-19 11:00:00,Video,1,343,24,34,11,Sunday,2504
2025-01-19 12:00:00,Video,4,390,46,36,12,Sunday,2896
2025-01-19 13:00:00,Carousel,0,461,37,0,13,Sunday,2728
2025-01-19 14:00:00,Carousel,6,382,14,2,14,Sunday,2310
2025-01-19 15:00:00,Image,0,61,62,46,15,Sunday,1485
2025-01-19 16:00:00,Carousel,3,36,20,23,16,Sunday,742
2025-01-19 17:00:00,Image,8,166,56,26,17,Sunday,1833
2025-01-19 18:00:00,Image,0,248,52,39,18,Sunday,2246
2025-01-19 19:00:00,Image,3,165,45,35,19,Sunday,1976
2025-01-19 20:00:00,Image,5,300,13,33,20,Sunday,2219
2025-01-19 21:00:00,Image,5,145,75,28,21,Sunday,1808
2025-01-19 22:00:00,Text,7,153,16,23,22,Sunday,1585
2025-01-19 23:00:00,Carousel,0,115,38,23,23,Sunday,1546
2025-01-20 00:00:00,Image,6,429,8,41,0,Monday,3004
2025-01-20 01:00:00,Video,0,167,76,3,1,Monday,1955
2025-01-20 02:00:00,Carousel,6,155,78,2,2,Monday,1982
2025-01-20 03:00:00,Carousel,2,11,5,33,3,Monday,947
2025-01-20 04:00:00,Image,7,442,22,48,4,Monday,3481
2025-01-20 05:00:00,Text,2,86,58,22,5,Monday,1531
2025-01-20 06:00:00,Image,0,141,45,22,6,Monday,1514
2025-01-20 07:00:00,Text,7,99,37,44,7,Monday,1501
2025-01-20 08:00:00,Video,2,354,13,4,8,Monday,2428
2025-01-20 09:00:00,Carousel,1,359,71,30,9,Monday,2793
2025-01-20 10:00:00,Video,0,468,61,40,10,Monday,3629
2025-01-20 11:00:00,Text,2,272,34,5,11,Monday,1917
2025-01-20 12:00:00,Text,1,360,18,36,12,Monday,2613
2025-01-20 13:00:00,Video,1,117,29,9,13,Monday,1218
2025-01-20 14:00:00,Text,5,83,77,39,14,Monday,1886
2025-01-20 15:00:00,Video,0,48,24,6,15,Monday,719
2025-01-20 16:00:00,Carousel,1,406,39,38,16,Monday,3079
2025-01-20 17:00:00,Video,5,168,13,37,17,Monday,1868
2025-01-20 18:00:00,Carousel,2,80,25,20,18,Monday,1051
2025-01-20 19:00:00,Video,3,456,21,19,19,Monday,3113
2025-01-20 20:00:00,Text,0,321,47,2,20,Monday,2443
2025-01-20 21:00:00,Video,7,250,50,21,21,Monday,2244
2025-01-20 22:00:00,Text,6,435,2,46,22,Monday,2935
2025-01-20 23:00:00,Video,6,454,41,3,23,Monday,3094
2025-01-21 00:00:00,Video,2,307,18,27,0,Tuesday,2311
2025-01-21 01:00:00,Image,9,449,72,11,1,Tuesday,3523
2025-01-21 02:00:00,Text,9,45,27,37,2,Tuesday,1196
2025-01-21 03:00:00,Image,2,93,44,35,3,Tuesday,1487
2025-01-21 04:00:00,Text,1,461,70,46,4,Tuesday,3628
2025-01-21 05:00:00,Image,0,383,77,40,5,Tuesday,3256
2025-01-21 06:00:00,Carousel,6,272,62,4,6,Tuesday,2380
2025-01-21 07:00:00,Video,6,319,72,12,7,Tuesday,2788
2025-01-21 08:00:00,Text,1,394,18,22,8,Tuesday,2850
2025-01-21 09:00:00,Text,6,181,46,49,9,Tuesday,2071
2025-01-21 10:00:00,Video,7,385,13,29,10,Tuesday,2734
2025-01-21 11:00:00,Text,0,182,37,36,11,Tuesday,1683
2025-01-21 12:00:00,Text,8,371,52,24,12,Tuesday,3141
2025-01-21 13:00:00,Image,6,56,60,47,13,Tuesday,1848
2025-01-21 14:00:00,Text,2,388,35,26,14,Tuesday,2725
2025-01-21 15:00:00,Carousel,7,150,39,13,15,Tuesday,1702
2025-01-21 16:00:00,Carousel,6,384,29,47,16,Tuesday,3160
2025-01-21 17:00:00,Video,7,415,8,46,17,Tuesday,3005
2025-01-21 18:00:00,Text,5,127,63,35,18,Tuesday,1701
2025-01-21 19:00:00,Video,8,286,32,38,19,Tuesday,2662
2025-01-21 20:00:00,Carousel,4,223,51,15,20,Tuesday,1884
2025-01-21 21:00:00,Text,2,229,13,21,21,Tuesday,1991
2025-01-21 22:00:00,Text,2,402,74,20,22,Tuesday,2981
2025-01-21 23:00:00,Video,0,35,52,20,23,Tuesday,1038
2025-01-22 00:00:00,Carousel,7,18,58,7,0,Wednesday,1081
2025-01-22 01:00:00,Text,1,280,77,48,1,Wednesday,2834
2025-01-22 02:00:00,Video,2,19,40,15,2,Wednesday,786
2025-01-22 03:00:00,Carousel,7,481,67,30,3,Wednesday,3813
2025-01-22 04:00:00,Video,7,387,67,41,4,Wednesday,3328
2025-01-22 05:00:00,Image,3,130,7,9,5,Wednesday,1156
2025-01-22 06:00:00,Text,3,134,1,31,6,Wednesday,1479
2025-01-22 07:00:00,Image,4,179,40,33,7,Wednesday,1762
2025-01-22 08:00:00,Carousel,5,81,54,8,8,Wednesday,1327
2025-01-22 09:00:00,Image,4,161,15,16,9,Wednesday,1591
2025-01-22 10:00:00,Image,6,217,61,10,10,Wednesday,2141
2025-01-22 11:00:00,Carousel,1,58,47,31,11,Wednesday,1322
2025-01-22 12:00:00,Video,6,163,29,9,12,Wednesday,1404
2025-01-22 13:00:00,Image,9,356,11,21,13,Wednesday,2375
2025-01-22 14:00:00,Video,6,302,34,16,14,Wednesday,2561
2025-01-22 15:00:00,Image,0,77,10,3,15,Wednesday,889
2025-01-22 16:00:00,Video,6,59,63,47,16,Wednesday,1684
2025-01-22 17:00:00,Carousel,4,161,49,46,17,Wednesday,2023
2025-01-22 18:00:00,Image,2,28,20,24,18,Wednesday,1024
2025-01-22 19:00:00,Carousel,2,109,68,20,19,Wednesday,1652
2025-01-22 20:00:00,Image,3,69,47,36,20,Wednesday,1558
2025-01-22 21:00:00,Carousel,1,176,19,37,21,Wednesday,1918
2025-01-22 22:00:00,Carousel,1,211,66,48,22,Wednesday,2547
2025-01-22 23:00:00,Image,0,354,43,0,23,Wednesday,2550
2025-01-23 00:00:00,Image,4,155,32,24,0,Thursday,1679
2025-01-23 01:00:00,Image,3,412,72,35,1,Thursday,3535
2025-01-23 02:00:00,Text,9,173,60,16,2,Thursday,1861
2025-01-23 03:00:00,Video,1,467,8,40,3,Thursday,3106
2025-01-23 04:00:00,Text,2,490,67,23,4,Thursday,3701
2025-01-23 05:00:00,Text,6,448,34,1,5,Thursday,3011
2025-01-23 06:00:00,Carousel,6,251,64,39,6,Thursday,2471
2025-01-23 07:00:00,Image,3,78,7,14,7,Thursday,1055
2025-01-23 08:00:00,Video,4,184,44,31,8,Thursday,1893
2025-01-23 09:00:00,Carousel,4,58,46,38,9,Thursday,1256
2025-01-23 10:00:00,Text,5,492,39,5,10,Thursday,3093
2025-01-23 11:00:00,Image,8,117,75,0,11,Thursday,1725
2025-01-23 12:00:00,Carousel,1,235,53,46,12,Thursday,2511
2025-01-23 13:00:00,Image,4,170,75,22,13,Thursday,2009
2025-01-23 14:00:00,Carousel,2,128,45,38,14,Thursday,1706
2025-01-23 15:00:00,Image,3,158,46,16,15,Thursday,1668
2025-01-23 16:00:00,Text,9,474,14,33,16,Thursday,3211
2025-01-23 17:00:00,Video,5,159,18,40,17,Thursday,1758
2025-01-23 18:00:00,Text,7,441,25,28,18,Thursday,2977
2025-01-23 19:00:00,Video,0,302,51,8,19,Thursday,2319
2025-01-23 20:00:00,Image,9,152,21,12,20,Thursday,1458
2025-01-23 21:00:00,Carousel,7,428,20,5,21,Thursday,2826
2025-01-23 22:00:00,Text,6,485,50,5,22,Thursday,3340
2025-01-23 23:00:00,Video,0,464,37,19,23,Thursday,3131
2025-01-24 00:00:00,Text,1,169,19,2,0,Friday,1344
2025-01-24 01:00:00,Video,2,20,28,16,1,Friday,719
2025-01-24 02:00:00,Text,0,147,50,48,2,Friday,1914
2025-01-24 03:00:00,Video,8,466,3,11,3,Friday,2970
2025-01-24 04:00:00,Video,7,87,54,47,4,Friday,1648
2025-01-24 05:00:00,Image,1,86,70,46,5,Friday,1887
2025-01-24 06:00:00,Video,8,450,27,44,6,Friday,3350
2025-01-24 07:00:00,Image,6,263,3,0,7,Friday,1564
2025-01-24 08:00:00,Video,8,418,21,16,8,Friday,2883
2025-01-24 09:00:00,Carousel,5,267,75,2,9,Friday,2186
2025-01-24 10:00:00,Carousel,5,329,44,25,10,Friday,2545
2025-01-24 11:00:00,Carousel,3,300,66,14,11,Friday,2721
2025-01-24 12:00:00,Video,9,272,65,35,12,Friday,2896
2025-01-24 13:00:00,Image,9,94,33,31,13,Friday,1579
2025-01-24 14:00:00,Image,1,155,54,31,14,Friday,1823
2025-01-24 15:00:00,Video,6,332,0,3,15,Friday,1985
2025-01-24 16:00:00,Carousel,4,51,71,17,16,Friday,1349
2025-01-24 17:00:00,Carousel,5,383,37,48,17,Friday,3205
2025-01-24 18:00:00,Image,1,134,5,18,18,Friday,1296
2025-01-24 19:00:00,Carousel,4,176,24,42,19,Friday,2020
2025-01-24 20:00:00,Text,9,434,16,34,20,Friday,3172
2025-01-24 21:00:00,Image,3,250,60,39,21,Friday,2604
2025-01-24 22:00:00,Carousel,8,468,11,13,22,Friday,3007
2025-01-24 23:00:00,Image,5,496,5,32,23,Friday,3347
2025-01-25 00:00:00,Text,1,289,26,13,0,Saturday,2247
2025-01-25 01:00:00,Image,0,197,7,33,1,Saturday,1597
2025-01-25 02:00:00,Image,4,311,64,3,2,Saturday,2563
2025-01-25 03:00:00,Image,8,28,56,23,3,Saturday,1331
2025-01-25 04:00:00,Image,5,77,39,28,4,Saturday,1389
2025-01-25 05:00:00,Text,9,227,13,18,5,Saturday,1948
2025-01-25 06:00:00,Video,6,111,34,5,6,Saturday,1180
2025-01-25 07:00:00,Image,4,51,47,32,7,Saturday,1513
2025-01-25 08:00:00,Image,9,297,55,48,8,Saturday,3072
2025-01-25 09:00:00,Carousel,5,176,48,39,9,Saturday,1866
2025-01-25 10:00:00,Image,4,118,12,18,10,Saturday,1090
2025-01-25 11:00:00,Carousel,8,45,60,0,11,Saturday,1091
2025-01-25 12:00:00,Video,5,241,48,4,12,Saturday,1942
2025-01-25 13:00:00,Text,7,238,45,26,13,Saturday,2325
2025-01-25 14:00:00,Text,1,362,61,15,14,Saturday,2772
2025-01-25 15:00:00,Video,8,173,7,5,15,Saturday,1567
2025-01-25 16:00:00,Text,4,396,42,39,16,Saturday,3270
2025-01-25 17:00:00,Video,6,82,19,12,17,Saturday,1300
2025-01-25 18:00:00,Video,9,145,38,47,18,Saturday,2051
2025-01-25 19:00:00,Video,0,362,48,34,19,Saturday,2691
2025-01-25 20:00:00,Text,9,388,63,18,20,Saturday,3231
2025-01-25 21:00:00,Carousel,4,79,61,11,21,Saturday,1391
2025-01-25 22:00:00,Video,9,434,53,15,22,Saturday,3132
2025-01-25 23:00:00,Image,1,496,8,42,23,Saturday,3362
2025-01-26 00:00:00,Text,5,205,36,9,0,Sunday,1776
2025-01-26 01:00:00,Video,0,278,48,24,1,Sunday,2441
2025-01-26 02:00:00,Video,2,58,40,19,2,Sunday,1203
2025-01-26 03:00:00,Image,4,325,16,30,3,Sunday,2547
2025-01-26 04:00:00,Carousel,3,139,20,3,4,Sunday,1155
2025-01-26 05:00:00,Carousel,2,453,50,43,5,Sunday,3421
2025-01-26 06:00:00,Carousel,9,14,58,22,6,Sunday,1302
2025-01-26 07:00:00,Video,4,437,38,1,7,Sunday,2907
2025-01-26 08:00:00,Video,7,36,54,21,8,Sunday,1217
2025-01-26 09:00:00,Video,3,169,40,36,9,Sunday,1873
2025-01-26 10:00:00,Text,0,158,38,7,10,Sunday,1535
2025-01-26 11:00:00,Image,6,273,12,6,11,Sunday,2115
2025-01-26 12:00:00,Video,7,239,63,13,12,Sunday,2070
2025-01-26 13:00:00,Image,2,209,10,2,13,Sunday,1530
2025-01-26 14:00:00,Image,5,59,18,49,14,Sunday,1338
2025-01-26 15:00:00,Carousel,1,76,10,15,15,Sunday,1015
2025-01-26 16:00:00,Text,6,309,76,18,16,Sunday,2911
2025-01-26 17:00:00,Video,7,390,45,17,17,Sunday,2732
2025-01-26 18:00:00,Carousel,5,67,44,15,18,Sunday,1132
2025-01-26 19:00:00,Carousel,5,268,0,7,19,Sunday,1830
2025-01-26 20:00:00,Video,4,351,39,32,20,Sunday,2804
2025-01-26 21:00:00,Image,7,335,18,48,21,Sunday,2632
2025-01-26 22:00:00,Carousel,0,139,75,11,22,Sunday,1842
2025-01-26 23:00:00,Image,9,224,71,10,23,Sunday,2336
2025-01-27 00:00:00,Text,3,181,71,4,0,Monday,1843
2025-01-27 01:00:00,Image,3,267,60,26,1,Monday,2328
2025-01-27 02:00:00,Text,2,111,11,11,2,Monday,1041
2025-01-27 03:00:00,Image,2,218,60,16,3,Monday,1981
2025-01-27 04:00:00,Carousel,3,300,32,5,4,Monday,2020
2025-01-27 05:00:00,Carousel,0,363,44,32,5,Monday,2923
2025-01-27 06:00:00,Text,1,480,68,4,6,Monday,3219
2025-01-27 07:00:00,Video,8,295,7,27,7,Monday,2203
2025-01-27 08:00:00,Text,9,125,24,13,8,Monday,1427
2025-01-27 09:00:00,Text,1,273,45,4,9,Monday,2064
2025-01-27 10:00:00,Image,4,159,29,32,10,Monday,1728
2025-01-27 11:00:00,Image,8,309,46,49,11,Monday,3026
2025-01-27 12:00:00,Text,8,451,48,47,12,Monday,3421
2025-01-27 13:00:00,Carousel,7,45,46,40,13,Monday,1616
2025-01-27 14:00:00,Image,0,462,17,18,14,Monday,2905
2025-01-27 15:00:00,Video,0,342,65,21,15,Monday,2852
2025-01-27 16:00:00,Image,8,486,67,4,16,Monday,3573
2025-01-27 17:00:00,Image,7,296,32,1,17,Monday,2122
2025-01-27 18:00:00,Video,9,312,35,29,18,Monday,2591
2025-01-27 19:00:00,Text,8,320,18,46,19,Monday,2830
2025-01-27 20:00:00,Video,6,217,27,38,20,Monday,1901
2025-01-27 21:00:00,Text,2,115,39,3,21,Monday,1100
2025-01-27 22:00:00,Text,2,455,75,32,22,Monday,3561
2025-01-27 23:00:00,Text,1,167,14,12,23,Monday,1517
2025-01-28 00:00:00,Video,4,130,40,19,0,Tuesday,1437
2025-01-28 01:00:00,Text,2,64,38,6,1,Tuesday,1031
2025-01-28 02:00:00,Carousel,5,409,1,14,2,Tuesday,2657
2025-01-28 03:00:00,Video,1,21,62,22,3,Tuesday,1228
2025-01-28 04:00:00,Carousel,2,154,28,13,4,Tuesday,1534
2025-01-28 05:00:00,Text,4,409,73,22,5,Tuesday,3168
2025-01-28 06:00:00,Image,0,405,65,18,6,Tuesday,3061
2025-01-28 07:00:00,Text,0,145,50,28,7,Tuesday,1896
2025-01-28 08:00:00,Carousel,9,477,74,19,8,Tuesday,3518
2025-01-28 09:00:00,Carousel,8,12,76,28,9,Tuesday,1362
2025-01-28 10:00:00,Video,6,153,9,23,10,Tuesday,1476
2025-01-28 11:00:00,Image,0,39,13,17,11,Tuesday,836
2025-01-28 12:00:00,Video,7,246,50,9,12,Tuesday,2280
2025-01-28 13:00:00,Carousel,2,288,72,40,13,Tuesday,2662
2025-01-28 14:00:00,Text,7,357,38,7,14,Tuesday,2630
2025-01-28 15:00:00,Image,4,124,27,25,15,Tuesday,1307
2025-01-28 16:00:00,Text,0,113,2,28,16,Tuesday,1150
2025-01-28 17:00:00,Text,6,127,69,9,17,Tuesday,1867
2025-01-28 18:00:00,Image,4,14,26,16,18,Tuesday,756
2025-01-28 19:00:00,Video,5,477,1,1,19,Tuesday,2705
2025-01-28 20:00:00,Text,5,369,37,5,20,Tuesday,2561
2025-01-28 21:00:00,Carousel,7,257,2,4,21,Tuesday,1931
2025-01-28 22:00:00,Text,8,373,15,27,22,Tuesday,2787
2025-01-28 23:00:00,Image,1,330,39,40,23,Tuesday,2702
2025-01-29 00:00:00,Image,8,130,1,4,0,Wednesday,1170
2025-01-29 01:00:00,Image,9,295,40,17,1,Wednesday,2585
2025-01-29 02:00:00,Video,8,158,11,25,2,Wednesday,1443
2025-01-29 03:00:00,Text,9,93,34,19,3,Wednesday,1596
2025-01-29 04:00:00,Video,9,463,64,40,4,Wednesday,3848
2025-01-29 05:00:00,Video,6,415,54,48,5,Wednesday,3308
2025-01-29 06:00:00,Image,0,475,44,26,6,Wednesday,3278
2025-01-29 07:00:00,Image,6,465,78,48,7,Wednesday,3958
2025-01-29 08:00:00,Video,9,240,61,11,8,Wednesday,2277
2025-01-29 09:00:00,Text,4,297,48,6,9,Wednesday,2341
2025-01-29 10:00:00,Carousel,5,170,24,2,10,Wednesday,1488
2025-01-29 11:00:00,Video,9,281,22,9,11,Wednesday,2321
2025-01-29 12:00:00,Text,6,469,23,33,12,Wednesday,3217
2025-01-29 13:00:00,Image,4,47,37,24,13,Wednesday,1294
2025-01-29 14:00:00,Image,6,235,27,34,14,Wednesday,2255
2025-01-29 15:00:00,Text,8,151,20,15,15,Wednesday,1473
2025-01-29 16:00:00,Carousel,2,301,53,1,16,Wednesday,2193
2025-01-29 17:00:00,Image,7,490,17,23,17,Wednesday,3118
2025-01-29 18:00:00,Image,1,160,35,9,18,Wednesday,1393
2025-01-29 19:00:00,Image,6,123,44,37,19,Wednesday,1895
2025-01-29 20:00:00,Text,1,246,72,21,20,Wednesday,2494
2025-01-29 21:00:00,Video,3,75,52,25,21,Wednesday,1356
2025-01-29 22:00:00,Image,6,370,29,42,22,Wednesday,2994
2025-01-29 23:00:00,Video,2,350,59,38,23,Wednesday,2747
2025-01-30 00:00:00,Carousel,1,267,31,26,0,Thursday,2109
2025-01-30 01:00:00,Image,9,484,66,28,1,Thursday,3691
2025-01-30 02:00:00,Image,6,258,66,46,2,Thursday,2525
2025-01-30 03:00:00,Carousel,0,466,27,37,3,Thursday,3053
2025-01-30 04:00:00,Image,7,458,43,19,4,Thursday,3182
2025-01-30 05:00:00,Video,2,340,78,26,5,Thursday,3016
2025-01-30 06:00:00,Text,1,332,40,40,6,Thursday,2870
2025-01-30 07:00:00,Video,2,189,62,19,7,Thursday,2014
2025-01-30 08:00:00,Text,4,199,22,43,8,Thursday,1848
2025-01-30 09:00:00,Text,7,416,74,18,9,Thursday,3305
2025-01-30 10:00:00,Video,9,163,47,19,10,Thursday,1878
2025-01-30 11:00:00,Video,6,205,31,34,11,Thursday,2009
2025-01-30 12:00:00,Video,6,475,56,46,12,Thursday,3801
2025-01-30 13:00:00,Video,6,320,32,1,13,Thursday,2249
2025-01-30 14:00:00,Carousel,7,271,23,29,14,Thursday,2126
2025-01-30 15:00:00,Image,0,428,38,33,15,Thursday,3142
2025-01-30 16:00:00,Text,3,415,33,21,16,Thursday,3016
2025-01-30 17:00:00,Video,5,436,55,2,17,Thursday,2897
2025-01-30 18:00:00,Video,8,152,27,5,18,Thursday,1573
2025-01-30 19:00:00,Video,1,351,36,14,19,Thursday,2407
2025-01-30 20:00:00,Carousel,0,325,6,26,20,Thursday,2260
2025-01-30 21:00:00,Video,9,110,67,9,21,Thursday,1702
2025-01-30 22:00:00,Video,1,253,36,8,22,Thursday,1940
2025-01-30 23:00:00,Video,6,499,55,32,23,Thursday,3557
2025-01-31 00:00:00,Image,2,21,64,31,0,Friday,1252
2025-01-31 01:00:00,Carousel,9,248,64,47,1,Friday,2753
2025-01-31 02:00:00,Video,1,58,46,5,2,Friday,1182
2025-01-31 03:00:00,Text,6,51,19,40,3,Friday,1264
2025-01-31 04:00:00,Text,1,175,18,35,4,Friday,1848
2025-01-31 05:00:00,Text,2,91,28,1,5,Friday,1012
2025-01-31 06:00:00,Carousel,6,438,73,28,6,Friday,3557
2025-01-31 07:00:00,Carousel,3,300,59,3,7,Friday,2546
2025-01-31 08:00:00,Text,0,167,17,0,8,Friday,1280
2025-01-31 09:00:00,Video,4,225,34,18,9,Friday,2060
2025-01-31 10:00:00,Carousel,8,499,42,25,10,Friday,3636
2025-01-31 11:00:00,Text,7,167,10,24,11,Friday,1491
2025-01-31 12:00:00,Text,8,471,48,9,12,Friday,3296
2025-01-31 13:00:00,Video,9,143,37,14,13,Friday,1800
2025-01-31 14:00:00,Image,8,76,63,21,14,Friday,1741
2025-01-31 15:00:00,Carousel,6,345,68,47,15,Friday,3095
2025-01-31 16:00:00,Video,3,16,7,20,16,Friday,862
2025-01-31 17:00:00,Text,4,445,33,21,17,Friday,3278
2025-01-31 18:00:00,Text,0,23,47,35,18,Friday,1124
2025-01-31 19:00:00,Video,0,82,55,33,19,Friday,1355
2025-01-31 20:00:00,Carousel,2,408,75,29,20,Friday,3356
2025-01-31 21:00:00,Image,7,414,64,24,21,Friday,3436
2025-01-31 22:00:00,Image,1,172,30,44,22,Friday,1801
2025-01-31 23:00:00,Text,3,75,3,27,23,Friday,1065
2025-02-01 00:00:00,Carousel,1,356,49,0,0,Saturday,2316
2025-02-01 01:00:00,Image,4,139,68,48,1,Saturday,2188
2025-02-01 02:00:00,Carousel,8,428,29,44,2,Saturday,3138
2025-02-01 03:00:00,Carousel,0,475,58,3,3,Saturday,3218
2025-02-01 04:00:00,Text,4,215,66,6,4,Saturday,1960
2025-02-01 05:00:00,Image,8,285,74,48,5,Saturday,2829
2025-02-01 06:00:00,Video,0,475,44,8,6,Saturday,3188
2025-02-01 07:00:00,Text,8,265,3,35,7,Saturday,2318
2025-02-01 08:00:00,Image,7,275,25,18,8,Saturday,2004
2025-02-01 09:00:00,Image,3,34,26,0,9,Saturday,748
2025-02-01 10:00:00,Image,9,459,45,9,10,Saturday,3347
2025-02-01 11:00:00,Image,4,290,63,35,11,Saturday,2635
2025-02-01 12:00:00,Image,4,262,50,8,12,Saturday,1974
2025-02-01 13:00:00,Carousel,5,319,49,44,13,Saturday,2821
2025-02-01 14:00:00,Text,6,298,5,45,14,Saturday,2482
2025-02-01 15:00:00,Carousel,7,173,58,41,15,Saturday,2091
2025-02-01 16:00:00,Video,7,104,14,31,16,Saturday,1452
2025-02-01 17:00:00,Image,1,279,29,31,17,Saturday,2219
2025-02-01 18:00:00,Text,8,330,41,5,18,Saturday,2392
2025-02-01 19:00:00,Image,6,119,36,47,19,Saturday,1753
2025-02-01 20:00:00,Text,3,345,41,37,20,Saturday,2626
2025-02-01 21:00:00,Carousel,3,319,34,16,21,Saturday,2468
2025-02-01 22:00:00,Text,7,247,5,9,22,Saturday,1779
2025-02-01 23:00:00,Video,3,390,67,49,23,Saturday,3297
2025-02-02 00:00:00,Video,5,445,17,26,0,Sunday,3171
2025-02-02 01:00:00,Text,4,396,72,49,1,Sunday,3565
2025-02-02 02:00:00,Text,2,492,28,34,2,Sunday,3303
2025-02-02 03:00:00,Text,9,434,76,20,3,Sunday,3389
2025-02-02 04:00:00,Text,1,399,58,24,4,Sunday,2905
2025-02-02 05:00:00,Video,8,34,46,27,5,Sunday,1243
2025-02-02 06:00:00,Image,9,150,16,46,6,Sunday,1800
2025-02-02 07:00:00,Text,8,126,21,14,7,Sunday,1565
2025-02-02 08:00:00,Text,0,491,67,3,8,Sunday,3249
2025-02-02 09:00:00,Video,9,401,68,28,9,Sunday,3354
2025-02-02 10:00:00,Video,2,414,36,8,10,Sunday,2666
2025-02-02 11:00:00,Carousel,7,491,48,26,11,Sunday,3404
2025-02-02 12:00:00,Text,5,461,12,25,12,Sunday,3008
2025-02-02 13:00:00,Carousel,4,34,33,18,13,Sunday,1180
2025-02-02 14:00:00,Video,4,88,52,27,14,Sunday,1683
2025-02-02 15:00:00,Video,5,77,50,16,15,Sunday,1293
2025-02-02 16:00:00,Image,6,182,2,42,16,Sunday,1905
2025-02-02 17:00:00,Text,0,453,41,40,17,Sunday,3208
2025-02-02 18:00:00,Carousel,8,21,31,41,18,Sunday,1236
2025-02-02 19:00:00,Video,2,297,50,49,19,Sunday,2886
2025-02-02 20:00:00,Video,3,137,45,19,20,Sunday,1688
2025-02-02 21:00:00,Carousel,9,105,20,44,21,Sunday,1657
2025-02-02 22:00:00,Image,0,101,43,39,22,Sunday,1481
2025-02-02 23:00:00,Video,9,150,10,38,23,Sunday,1739
2025-02-03 00:00:00,Text,2,40,67,48,0,Monday,1721
2025-02-03 01:00:00,Video,1,343,0,22,1,Monday,2356
2025-02-03 02:00:00,Text,1,29,62,46,2,Monday,1245
2025-02-03 03:00:00,Carousel,0,155,23,31,3,Monday,1645
2025-02-03 04:00:00,Text,7,486,12,46,4,Monday,3602
2025-02-03 05:00:00,Carousel,2,325,10,32,5,Monday,2542
2025-02-03 06:00:00,Text,2,456,50,45,6,Monday,3658
2025-02-03 07:00:00,Carousel,5,399,16,4,7,Monday,2432
2025-02-03 08:00:00,Text,7,169,23,42,8,Monday,1801
2025-02-03 09:00:00,Image,8,358,18,47,9,Monday,3026
2025-02-03 10:00:00,Text,8,52,36,33,10,Monday,1249
2025-02-03 11:00:00,Text,3,263,7,39,11,Monday,2284
2025-02-03 12:00:00,Image,4,139,27,10,12,Monday,1493
2025-02-03 13:00:00,Video,1,69,4,49,13,Monday,1077
2025-02-03 14:00:00,Video,8,160,16,2,14,Monday,1225
2025-02-03 15:00:00,Text,7,476,35,32,15,Monday,3368
2025-02-03 16:00:00,Image,2,296,18,10,16,Monday,2090
2025-02-03 17:00:00,Text,8,14,63,15,17,Monday,1197
2025-02-03 18:00:00,Carousel,2,476,10,17,18,Monday,3129
2025-02-03 19:00:00,Carousel,8,427,53,29,19,Monday,3259
2025-02-03 20:00:00,Text,1,275,44,47,20,Monday,2508
2025-02-03 21:00:00,Video,9,354,46,9,21,Monday,2547
2025-02-03 22:00:00,Video,8,139,11,17,22,Monday,1454
2025-02-03 23:00:00,Text,7,391,20,37,23,Monday,2862
2025-02-04 00:00:00,Text,8,276,10,18,0,Tuesday,2244
2025-02-04 01:00:00,Carousel,4,187,4,35,1,Tuesday,1676
2025-02-04 02:00:00,Video,1,262,55,12,2,Tuesday,2189
2025-02-04 03:00:00,Text,7,424,19,45,3,Tuesday,3164
2025-02-04 04:00:00,Carousel,5,65,40,2,4,Tuesday,925
2025-02-04 05:00:00,Video,7,472,45,9,5,Tuesday,3241
2025-02-04 06:00:00,Image,4,466,11,37,6,Tuesday,2972
2025-02-04 07:00:00,Carousel,9,480,69,0,7,Tuesday,3609
2025-02-04 08:00:00,Video,1,92,16,26,8,Tuesday,1204
2025-02-04 09:00:00,Video,5,402,18,45,9,Tuesday,2984
2025-02-04 10:00:00,Carousel,4,108,25,7,10,Tuesday,1300
2025-02-04 11:00:00,Image,4,158,47,45,11,Tuesday,1832
2025-02-04 12:00:00,Carousel,0,338,51,41,12,Tuesday,2663
2025-02-04 13:00:00,Video,1,165,69,16,13,Tuesday,1893
2025-02-04 14:00:00,Text,7,199,54,8,14,Tuesday,2104
2025-02-04 15:00:00,Text,2,380,74,5,15,Tuesday,3030
2025-02-04 16:00:00,Carousel,9,272,32,42,16,Tuesday,2512
2025-02-04 17:00:00,Video,2,89,61,24,17,Tuesday,1385
2025-02-04 18:00:00,Text,7,409,22,38,18,Tuesday,2899
2025-02-04 19:00:00,Video,7,261,14,48,19,Tuesday,2376
2025-02-04 20:00:00,Carousel,1,106,26,27,20,Tuesday,1129
2025-02-04 21:00:00,Text,7,269,74,32,21,Tuesday,2856
2025-02-04 22:00:00,Video,0,269,63,36,22,Tuesday,2496
2025-02-04 23:00:00,Text,5,112,50,8,23,Tuesday,1546
2025-02-05 00:00:00,Carousel,7,49,52,17,0,Wednesday,1100
2025-02-05 01:00:00,Video,2,282,77,20,1,Wednesday,2632
2025-02-05 02:00:00,Text,7,110,50,1,2,Wednesday,1307
2025-02-05 03:00:00,Carousel,0,368,46,42,3,Wednesday,3059
2025-02-05 04:00:00,Text,8,389,3,37,4,Wednesday,2688
2025-02-05 05:00:00,Text,8,317,6,39,5,Wednesday,2487
2025-02-05 06:00:00,Image,4,230,34,35,6,Wednesday,2330
2025-02-05 07:00:00,Image,9,317,47,49,7,Wednesday,3111
2025-02-05 08:00:00,Carousel,3,429,72,42,8,Wednesday,3520
2025-02-05 09:00:00,Image,5,133,71,36,9,Wednesday,2170
2025-02-05 10:00:00,Carousel,6,431,44,14,10,Wednesday,2960
2025-02-05 11:00:00,Image,4,240,71,27,11,Wednesday,2320
2025-02-05 12:00:00,Text,9,187,18,17,12,Wednesday,1751
2025-02-05 13:00:00,Carousel,8,72,62,33,13,Wednesday,1631
2025-02-05 14:00:00,Carousel,2,494,37,21,14,Wednesday,3299
2025-02-05 15:00:00,Text,6,125,66,10,15,Wednesday,1634
2025-02-05 16:00:00,Carousel,9,200,58,12,16,Wednesday,2110
2025-02-05 17:00:00,Carousel,9,71,68,3,17,Wednesday,1239
2025-02-05 18:00:00,Image,4,265,12,21,18,Wednesday,1862
2025-02-05 19:00:00,Carousel,6,492,46,6,19,Wednesday,3452
2025-02-05 20:00:00,Video,1,16,60,42,20,Wednesday,1175
2025-02-05 21:00:00,Text,3,164,30,23,21,Wednesday,1834
2025-02-05 22:00:00,Image,1,101,79,3,22,Wednesday,1564
2025-02-05 23:00:00,Image,6,479,21,27,23,Wednesday,3092
2025-02-06 00:00:00,Video,1,23,42,14,0,Thursday,811
2025-02-06 01:00:00,Text,0,464,66,0,1,Thursday,3058
2025-02-06 02:00:00,Text,8,238,53,2,2,Thursday,2278
2025-02-06 03:00:00,Image,0,95,9,13,3,Thursday,1097
2025-02-06 04:00:00,Carousel,7,142,41,37,4,Thursday,1896
2025-02-06 05:00:00,Image,1,192,63,49,5,Thursday,2264
2025-02-06 06:00:00,Text,7,395,20,0,6,Thursday,2556
2025-02-06 07:00:00,Video,2,71,79,37,7,Thursday,1831
2025-02-06 08:00:00,Image,5,228,75,37,8,Thursday,2518
2025-02-06 09:00:00,Text,2,414,65,20,9,Thursday,2951
2025-02-06 10:00:00,Image,6,255,40,47,10,Thursday,2450
2025-02-06 11:00:00,Carousel,9,239,23,28,11,Thursday,2037
2025-02-06 12:00:00,Image,8,88,34,4,12,Thursday,1219
2025-02-06 13:00:00,Image,1,158,55,48,13,Thursday,1837
2025-02-06 14:00:00,Text,4,147,29,9,14,Thursday,1426
2025-02-06 15:00:00,Text,5,480,56,27,15,Thursday,3492
2025-02-06 16:00:00,Text,3,323,46,20,16,Thursday,2615
2025-02-06 17:00:00,Image,3,385,34,49,17,Thursday,2863
2025-02-06 18:00:00,Carousel,3,432,18,6,18,Thursday,2613
2025-02-06 19:00:00,Video,1,398,7,2,19,Thursday,2326
2025-02-06 20:00:00,Video,3,74,25,44,20,Thursday,1314
2025-02-06 21:00:00,Text,0,22,70,46,21,Thursday,1395
2025-02-06 22:00:00,Text,5,222,29,19,22,Thursday,2068
2025-02-06 23:00:00,Image,0,483,6,18,23,Thursday,2820
2025-02-07 00:00:00,Video,9,251,66,34,0,Friday,2664
2025-02-07 01:00:00,Text,5,222,64,3,1,Friday,2014
2025-02-07 02:00:00,Carousel,0,190,35,4,2,Friday,1735
2025-02-07 03:00:00,Carousel,5,347,24,0,3,Friday,2140
2025-02-07 04:00:00,Text,9,494,36,3,4,Friday,3306
2025-02-07 05:00:00,Text,7,182,0,11,5,Friday,1331
2025-02-07 06:00:00,Video,1,169,14,26,6,Friday,1479
2025-02-07 07:00:00,Video,1,173,36,41,7,Friday,1992
2025-02-07 08:00:00,Image,3,474,12,22,8,Friday,3128
2025-02-07 09:00:00,Video,2,492,7,24,9,Friday,3164
2025-02-07 10:00:00,Carousel,3,197,4,20,10,Friday,1617
2025-02-07 11:00:00,Carousel,6,404,59,23,11,Friday,3186
2025-02-07 12:00:00,Text,0,200,72,24,12,Friday,2078
2025-02-07 13:00:00,Video,5,414,0,44,13,Friday,2769
2025-02-07 14:00:00,Image,2,317,35,45,14,Friday,2460
2025-02-07 15:00:00,Carousel,9,265,34,31,15,Friday,2383
2025-02-07 16:00:00,Carousel,6,192,65,31,16,Friday,2067
2025-02-07 17:00:00,Image,9,126,62,4,17,Friday,1750
2025-02-07 18:00:00,Image,1,291,22,35,18,Friday,2317
2025-02-07 19:00:00,Carousel,1,205,8,45,19,Friday,1684
2025-02-07 20:00:00,Carousel,3,43,33,41,20,Friday,1351
2025-02-07 21:00:00,Image,0,61,45,48,21,Friday,1249
2025-02-07 22:00:00,Carousel,2,121,77,41,22,Friday,1790
2025-02-07 23:00:00,Text,8,261,3,38,23,Friday,2358
2025-02-08 00:00:00,Text,6,91,29,15,0,Saturday,1254
2025-02-08 01:00:00,Image,6,241,74,32,1,Saturday,2395
2025-02-08 02:00:00,Video,3,236,71,48,2,Saturday,2629
2025-02-08 03:00:00,Image,1,242,2,20,3,Saturday,1691
2025-02-08 04:00:00,Image,3,230,13,8,4,Saturday,1881
2025-02-08 05:00:00,Video,5,445,59,5,5,Saturday,3219
2025-02-08 06:00:00,Video,2,422,76,44,6,Saturday,3546
2025-02-08 07:00:00,Video,0,431,44,34,7,Saturday,2960
2025-02-08 08:00:00,Text,7,51,33,38,8,Saturday,1151
2025-02-08 09:00:00,Carousel,4,30,44,21,9,Saturday,1282
2025-02-08 10:00:00,Text,4,51,60,40,10,Saturday,1698
2025-02-08 11:00:00,Carousel,3,406,15,4,11,Saturday,2393
2025-02-08 12:00:00,Text,5,122,65,41,12,Saturday,2114
2025-02-08 13:00:00,Carousel,2,114,39,22,13,Saturday,1640
2025-02-08 14:00:00,Text,8,201,16,16,14,Saturday,1571
2025-02-08 15:00:00,Video,4,26,33,11,15,Saturday,746
2025-02-08 16:00:00,Image,2,129,15,22,16,Saturday,1363
2025-02-08 17:00:00,Text,0,402,59,15,17,Saturday,3068
2025-02-08 18:00:00,Carousel,9,434,65,2,18,Saturday,3089
2025-02-08 19:00:00,Video,5,138,65,29,19,Saturday,1862
2025-02-08 20:00:00,Text,1,139,12,21,20,Saturday,1242
2025-02-08 21:00:00,Text,2,69,55,8,21,Saturday,1048
2025-02-08 22:00:00,Video,0,57,30,28,22,Saturday,1264
2025-02-08 23:00:00,Text,8,38,33,46,23,Saturday,1490
2025-02-09 00:00:00,Image,7,106,38,36,0,Sunday,1814
2025-02-09 01:00:00,Text,1,19,66,22,1,Sunday,1107
2025-02-09 02:00:00,Image,7,251,7,12,2,Sunday,1997
2025-02-09 03:00:00,Image,8,323,77,31,3,Sunday,3163
2025-02-09 04:00:00,Video,0,453,54,45,4,Sunday,3296
2025-02-09 05:00:00,Text,4,241,26,46,5,Sunday,2117
2025-02-09 06:00:00,Video,7,286,52,47,6,Sunday,2910
2025-02-09 07:00:00,Text,1,293,38,22,7,Sunday,2396
2025-02-09 08:00:00,Text,3,212,64,44,8,Sunday,2335
2025-02-09 09:00:00,Carousel,6,256,16,16,9,Sunday,1928
2025-02-09 10:00:00,Text,2,299,29,39,10,Sunday,2570
2025-02-09 11:00:00,Video,4,273,52,20,11,Sunday,2288
2025-02-09 12:00:00,Image,7,452,12,1,12,Sunday,3003
2025-02-09 13:00:00,Text,9,223,20,36,13,Sunday,2282
2025-02-09 14:00:00,Carousel,2,209,18,5,14,Sunday,1617
2025-02-09 15:00:00,Video,3,442,52,43,15,Sunday,3539
2025-02-09 16:00:00,Text,8,88,18,17,16,Sunday,1309
2025-02-09 17:00:00,Video,6,410,56,29,17,Sunday,3194
2025-02-09 18:00:00,Carousel,0,453,24,21,18,Sunday,2974
2025-02-09 19:00:00,Carousel,3,352,30,32,19,Sunday,2699
2025-02-09 20:00:00,Video,3,353,54,29,20,Sunday,3046
2025-02-09 21:00:00,Text,8,182,22,16,21,Sunday,1695
2025-02-09 22:00:00,Image,5,476,31,42,22,Sunday,3635
2025-02-09 23:00:00,Carousel,8,78,61,31,23,Sunday,1793
2025-02-10 00:00:00,Text,5,425,73,41,0,Monday,3602
2025-02-10 01:00:00,Text,5,437,9,13,1,Monday,2938
2025-02-10 02:00:00,Image,4,458,71,9,2,Monday,3364
2025-02-10 03:00:00,Carousel,4,96,53,46,3,Monday,1737
2025-02-10 04:00:00,Carousel,1,110,51,35,4,Monday,1714
2025-02-10 05:00:00,Text,7,17,19,33,5,Monday,1065
2025-02-10 06:00:00,Text,7,342,31,8,6,Monday,2523
2025-02-10 07:00:00,Image,0,209,13,41,7,Monday,1794
2025-02-10 08:00:00,Image,7,96,49,27,8,Monday,1661
2025-02-10 09:00:00,Carousel,4,52,27,10,9,Monday,1026
2025-02-10 10:00:00,Video,1,394,52,13,10,Monday,2806
2025-02-10 11:00:00,Carousel,1,118,23,38,11,Monday,1432
2025-02-10 12:00:00,Text,5,444,78,46,12,Monday,3704
2025-02-10 13:00:00,Carousel,8,417,21,18,13,Monday,2737
2025-02-10 14:00:00,Video,0,492,29,14,14,Monday,3195
2025-02-10 15:00:00,Image,5,161,62,27,15,Monday,1841
2025-02-10 16:00:00,Video,8,26,3,23,16,Monday,1007
2025-02-10 17:00:00,Video,7,142,76,7,17,Monday,1998
2025-02-10 18:00:00,Video,5,157,58,42,18,Monday,1971
2025-02-10 19:00:00,Image,2,286,7,8,19,Monday,1830
2025-02-10 20:00:00,Video,7,241,11,46,20,Monday,2305
2025-02-10 21:00:00,Video,8,323,30,32,21,Monday,2720
2025-02-10 22:00:00,Video,0,424,77,32,22,Monday,3385
2025-02-10 23:00:00,Text,8,375,33,18,23,Monday,2724
2025-02-11 00:00:00,Video,5,237,74,2,0,Tuesday,2366
2025-02-11 01:00:00,Image,5,148,75,9,1,Tuesday,1826
2025-02-11 02:00:00,Video,3,445,48,39,2,Tuesday,3531
2025-02-11 03:00:00,Video,0,408,78,46,3,Tuesday,3444
2025-02-11 04:00:00,Image,9,220,56,41,4,Tuesday,2297
2025-02-11 05:00:00,Video,7,400,25,0,5,Tuesday,2537
2025-02-11 06:00:00,Image,1,37,17,28,6,Tuesday,891
2025-02-11 07:00:00,Video,0,60,37,49,7,Tuesday,1567
2025-02-11 08:00:00,Image,1,451,49,33,8,Tuesday,3269
2025-02-11 09:00:00,Video,0,270,7,12,9,Tuesday,1776
2025-02-11 10:00:00,Video,0,270,40,0,10,Tuesday,2119
2025-02-11 11:00:00,Text,8,359,5,33,11,Tuesday,2814
2025-02-11 12:00:00,Text,0,361,68,28,12,Tuesday,2850
2025-02-11 13:00:00,Video,3,17,43,47,13,Tuesday,1166
2025-02-11 14:00:00,Video,9,329,63,46,14,Tuesday,2892
2025-02-11 15:00:00,Carousel,5,147,28,12,15,Tuesday,1371
